<?xml version="1.0" encoding="UTF-8"?>
<!DOCTYPE mapper PUBLIC "-//mybatis.org//DTD Mapper 3.0//EN" "http://mybatis.org/dtd/mybatis-3-mapper.dtd">

<mapper namespace="com.oracle.samil.ChatMapper">

	<select id="chatMemberList" resultType="Emp">
		SELECT * FROM Emp
	</select>
	
	<select id="chatRoomList" resultType="Chatroom">
		SELECT * FROM chatroom ORDER BY roomId ASC
	</select>
	
	 <select id="tkRoomName" parameterType="int" resultType="java.lang.String">
      		select roomname from chatroom where roomId= #{roomId} 
    </select>
    
    <insert id="insertRoom" parameterType="Chatroom">
    	INSERT INTO CHATROOM
    	VALUES(ROOMID_SEQ.NEXTVAL, #{roomName})
    </insert>
</mapper>