<?xml version="1.0" encoding="UTF-8"?>
<!DOCTYPE configuration PUBLIC "-//mybatis.org//DTD Config3.0//EN"
"http://mybatis.org/dtd/mybatis-3-config.dtd">

<configuration>
	<typeAliases>
		<typeAlias alias="Event" 			type="com.oracle.samil.Amodel.Event"/>
		<typeAlias alias="Attendee" 		type="com.oracle.samil.Amodel.Attendee"/>
		<typeAlias alias="Reservation" 		type="com.oracle.samil.Amodel.Reservation"/>
		<typeAlias alias="FacilApprove" 	type="com.oracle.samil.Amodel.FacilApprove"/>
		<typeAlias alias="Facility" 		type="com.oracle.samil.Amodel.Facility"/>
		<typeAlias alias="Attendance"		type="com.oracle.samil.Amodel.Attendance"/>
		<typeAlias alias="FurloughDetails"	type="com.oracle.samil.Amodel.FurloughDetails"/>
		<typeAlias alias="Emp"				type="com.oracle.samil.Amodel.Emp"/>
		<typeAlias alias="Posts"			type="com.oracle.samil.Amodel.Posts"/>
	</typeAliases>
</configuration>
