<?xml version="1.0" encoding="UTF-8"?>
<!DOCTYPE mapper PUBLIC "-//mybatis.org//DTD Mapper3.0//EN" "http://mybatis.org/dtd/mybatis-3-mapper.dtd">

<mapper namespace = "com.oracle.samil.Amodel.EmpMapper">
	<select id="trEmpSelect" parameterType="string" resultType="Emp">
		SELECT		*
		FROM		emp
		WHERE		empno = #{empno}
	</select>
	<select id="trFindPass" parameterType="LoginInfo" resultType="LoginInfo">
		SELECT		*
		FROM		logininfo
		WHERE		passquiz = #{passQuiz} and passanswer=#{passAnswer} and empno=#{empno}
	</select>
	<select id="trSelectDept" resultType="Dept">
		SELECT		*
		FROM		dept
		ORDER BY 	deptdepth, deptno
	</select>
	<select id="trInsertEmp"  parameterType="Emp" >
		insert	into emp (empno, email, name, phone, deptno, grade, job, address, status, admin, image, hiredate, totalvacation, restvacation, account, bank, delcheck, recenteditor, recenteditdate)
		 values	(#{empno},#{email},#{name}, #{phone}, #{deptno},#{grade},#{job},#{address},100, 170, 0, #{hiredate}, 12, 12, #{account}, #{bank}, 0, #{recentEditor}, #{recentEditDate})
	</select>
	<select id="trSelectEmp" resultType="Emp">
		SELECT		*
		FROM		Emp
	</select>
	<select id="trSelectEmpDept" resultType="com.oracle.samil.Adto.EmpDept">
		SELECT *
		FROM emp
		INNER JOIN dept
		on emp.deptno = dept.deptno	
	</select>
	<select id="trFindEmpDept"  parameterType="String"  resultType="com.oracle.samil.Adto.EmpDept">
		SELECT *
		FROM emp
		INNER JOIN dept
		on emp.deptno = dept.deptno	
		WHERE empno = #{emp1empno} 
	</select>
	<select id="trUpdateEmp"  parameterType="Emp"  resultType="int">
		UPDATE emp
		SET phone = #{phone}, grade= #{grade}, job=#{job}, bank=#{bank}, account=#{account}, address=#{address}, deptno=#{deptno}, recenteditor=#{recentEditor},recentEditDate=#{recentEditDate}, admin=#{admin} 
		WHERE empno = #{empno}
	</select>
	<select id="trSearchEmpByKeyword"  parameterType="String"  resultType="com.oracle.samil.Adto.EmpDept">
		SELECT *
		FROM emp  e 
		INNER JOIN dept d 
		ON e.deptno = d.deptno	
		WHERE e.name like  '%' || #{keyword} || '%' OR d.deptname like  '%' || #{keyword} || '%'
	</select>
	<select id="trShowDeptMember"  parameterType="int"  resultType="com.oracle.samil.Adto.EmpDept">
		SELECT *
		FROM emp  e 
		INNER JOIN dept d 
		ON e.deptno = d.deptno	
		WHERE e.deptno = #{deptno}
	</select>
	
	<select id="tkEmpDeptListAll" parameterType="int" resultType="Emp">
		SELECT *
		FROM emp
		WHERE deptno=#{deptno}
	</select>
	
	<select id="tkEmpDeptSearch" parameterType="EmpDept" resultType="EmpDept">
		SELECT	empno,
				name,
				grade
		FROM emp
		WHERE status !=140
		AND	status != 150
		<choose>
			<when test="deptno != null and deptno != ''">
				AND deptno = #{deptno}
				<if test="keyword != null and keyword !=''">
					AND name LIKE CONCAT('%', #{keyword}, '%')
				</if>
			</when>
			<otherwise>
				<if test="keyword != null and keyword !=''">
					AND name LIKE CONCAT('%', #{keyword}, '%')
				</if>
			</otherwise>
		</choose>
	</select>
	
	<select id="selListAllEmpDept" parameterType="map" resultType="EmpDept">
		SELECT	empno,
				name,
				grade
		FROM emp
		WHERE status !=140
		AND	status != 150
		<if test="deptno != null and deptno !=''">
			AND deptno = #{deptno}
		</if>
		AND name LIKE '%' || #{keyword} || '%'
	</select>
	
	<select id="hsEmpList" parameterType="int" resultType="Emp">
		SELECT		*
		FROM		emp
		WHERE		empno = #{empno}
		ORDER BY	grade, job
	</select>
	
	<select id="hsDeptMem" parameterType="int" resultType="int">
		SELECT 	empno
		FROM 	emp
		WHERE 	deptno = (
					SELECT deptno
					FROM emp
					WHERE empno=#{empno})
	</select>
</mapper>