<?xml version="1.0" encoding="UTF-8"?>
<!DOCTYPE mapper PUBLIC "-//mybatis.org//DTD Mapper3.0//EN" "http://mybatis.org/dtd/mybatis-3-mapper.dtd">

<mapper namespace = "com.oracle.samil.Amodel.AttendanceMapper">
	<select id="myEmpAttList" parameterType="int" resultType="Attendance">
		SELECT		*
		FROM		attendance
		WHERE		empno = #{empno}
	</select>
	<select id="allEmpAttList" resultType="Attendance">
		SELECT		a.workDate, a.empno, e.name, a.clockIn, a.clockOut, a.overTime, a.attStatus
        FROM		attendance a
        JOIN		emp e ON a.empno = e.empno
	</select>
	<select id="deptStatus" parameterType="Integer" resultType="Attendance">
		SELECT		a.workDate, a.empno, e.name, a.clockIn, a.clockOut, a.overTime, a.attStatus
        FROM		attendance a
        JOIN		emp e ON a.empno = e.empno
        WHERE		a.attStatus = #{statusCode}
	</select>
	<select id="deptAttByNameNStatus" parameterType="map" resultType="Attendance">
		SELECT		a.workDate, a.empno, e.name, a.clockIn, a.clockOut, a.overTime, a.attStatus
		FROM		attendance a
		JOIN		emp e ON a.empno = e.empno
		WHERE		(#{statusCode} = -1 OR a.attStatus = #{statusCode})
				AND (#{name} IS NULL OR e.name LIKE '%' || #{name} || '%')
	</select>
</mapper>