<?xml version="1.0" encoding="UTF-8"?>
<!DOCTYPE mapper
        PUBLIC "-//mybatis.org//DTD Mapper 3.0//EN"
        "http://mybatis.org/dtd/mybatis-3-mapper.dtd">
<mapper namespace="com.oracle.samil.salDao">

	<select id="salTotal" resultType="int">
		SELECT Count(*) FROM emp
	</select>
	
		<select id="empTotal" parameterType="EmpSalDept" resultType="EmpSalDept">
	  <![CDATA[
  SELECT *
  FROM (
    SELECT rownum AS rn, emp_dept.*
    FROM (
      SELECT e.empno, e.name, e.grade, e.deptno, e.hiredate, d.deptName
      FROM emp e
      LEFT JOIN dept d ON e.deptno = d.deptno
      ORDER BY e.empno
    ) emp_dept
    WHERE rownum <= #{end}
  )
  WHERE rn >= #{start}
  ]]>


	</select>
	
	<select id="salDList" parameterType="int" resultType="Sal">
   		 SELECT * FROM sal WHERE empno = #{empno}
	</select>
	
	<select id="shemp" parameterType="EmpSalDept" resultType="EmpSalDept">
   		 SELECT 
		e.*, d.*, s.*
		FROM 
		    emp e
		LEFT JOIN 
		    dept d ON e.deptno = d.deptno 
		LEFT JOIN 
		    sal s ON e.empno = s.empno     
		WHERE 
		    e.empno = #{empno} 
	</select>

	<select id="setTotalEmp" parameterType="EmpSalDept" resultType="EmpSalDept">
   		   <![CDATA[
  SELECT *
  FROM (
    SELECT rownum AS rn, emp_dept.*
    FROM (
      SELECT e.empno, e.name, e.grade, e.deptno, e.hiredate, d.deptName
      FROM emp e
      LEFT JOIN dept d ON e.deptno = d.deptno
      ORDER BY e.empno
  ]]> 
	</select>

<select id="EmpSearchList" parameterType="EmpSalDept" resultType="EmpSalDept">
    select * 
    from emp e 
    LEFT JOIN dept d ON e.deptno = d.deptno
    <choose>
        <when test="search == 'seartchEmpno'">
            where  e.empno like '%'|| #{keyword} || '%'
        </when>
        <when test="search == 'seartchDet'">
            where d.deptName like '%'|| #{keyword} || '%'
        </when>
        
        <when test="search == 'seartchName'">
            where e.name like '%'|| #{keyword} || '%'
        </when>
        
        <otherwise>
            where e.grade like '%'|| #{keyword} || '%'
        </otherwise>
    </choose>
</select>

<select id="findSalDate" resultType="String">
select saldate from sal where salnum = (select max(salnum) from sal)and rownum=1

</select>


</mapper>
        