<?xml version="1.0" encoding="UTF-8"?>
<!DOCTYPE mapper PUBLIC "-//mybatis.org//DTD Mapper3.0//EN" "http://mybatis.org/dtd/mybatis-3-mapper.dtd">

<mapper namespace = "com.oracle.samil.Amodel.EmpMapper">
	<select id="myTotvaction" parameterType="int" resultType="int">
		SELECT		totalvacation
		FROM		emp
		WHERE		empno = #{empno}
	</select>
	<select id="restVacation" parameterType="int" resultType="int">
		SELECT		restvacation
		FROM		emp
		WHERE		empno = #{empno}
	</select>
	<select id="myEmpInfo" parameterType="int" resultType="Emp">
		SELECT		empno, name, grade, job
		FROM		emp
		WHERE		empno = #{empno}
	</select>
	<select id="trEmpSelect" parameterType="string" resultType="Emp">
		SELECT		*
		FROM		emp
		WHERE		empno = #{empno}
	</select>
	
	<select id="tkDeptListAll" parameterType="Dept" resultType="Dept">
		SELECT *
		FROM dept
	</select>
	
	<select id="tkEmpDeptListAll" parameterType="int" resultType="Emp">
		SELECT *
		FROM emp
		WHERE deptno=#{deptno}
	</select>
</mapper>