<?xml version="1.0" encoding="UTF-8"?>
<!DOCTYPE mapper PUBLIC "-//mybatis.org//DTD Mapper 3.0//EN" 
"http://mybatis.org/dtd/mybatis-3-mapper.dtd">

<mapper namespace="com.oracle.samil.HsDao.HsCalDao">
	<select id="tkEventListAll" parameterType="Event" resultType="Event">
		SELECT 
	        eventId,
	        eventTitle,
	        eventWriter,
	        eventStartdate,
       		eventEnddate,
	        eventCategory,
	        eventLoc,
	        eventMemo,
	        eventFile,
	        eventDelete
	    FROM event
	    WHERE eventDelete=100
	</select>
	<select id="tkEventSelOne" parameterType="int" resultType="Event">
		SELECT 
			eventId,
			eventTitle,
			eventWriter,
			eventStartdate,
			eventEnddate,
			eventCategory,
			eventLoc,
			eventMemo,
			eventFile,
			eventDelete
		FROM event
		WHERE eventId = #{eventId}
	</select>
	
	<update id="tkEventUpdate" parameterType="Event">
		UPDATE  event 
		SET		eventTitle=#{eventTitle},
		    	eventLoc=#{eventLoc}, 
		    	eventMemo=#{eventMemo}, 
		    	eventStartdate=#{eventStartdate}, 
				eventEnddate=#{eventEnddate}, 
		    	eventFile=#{eventFile}
		WHERE 	eventId=#{eventId}
	</update>
	
	<insert id="tkEventInsert" parameterType="Event">
		INSERT INTO event(eventId, 
						  eventTitle,
						  eventWriter,
						  eventStartdate, 
						  eventEnddate, 
						  eventCategory, 
						  eventMemo, 
						  eventLoc, 
						  eventFile, 
						  eventDelete)
		VALUES(event_seq.nextval, 
			   #{eventTitle},
			   #{eventWriter},
			   #{eventStartdate}, 
			   #{eventEnddate}, 
			   #{eventCategory}, 
			   #{eventMemo}, 
			   #{eventLoc}, 
			   #{eventFile}, 
			   #{eventDelete})
	</insert>
	
	<delete id="tkEventDelete" parameterType="int">
		DELETE FROM event
		WHERE eventId=#{eventId}
	</delete>
</mapper>