<?xml version="1.0" encoding="UTF-8"?>
<!DOCTYPE mapper PUBLIC "-//mybatis.org//DTD Mapper 3.0//EN" 
"http://mybatis.org/dtd/mybatis-3-mapper.dtd">

<mapper namespace="com.oracle.samil.EventMapper">
	<select id="tkEventListAll" parameterType="Event" resultType="Event">
		<![CDATA[
			SELECT * 
			FROM event
		]]>
	</select>
	<select id="tkEventSelOne" parameterType="int" resultType="Event">
		SELECT *
		FROM event
		WHERE eventId=#{eventId}
	</select>
	
	<update id="tkEventUpdate" parameterType="Event">
		UPDATE  event 
		SET		eventTitle=#{eventTitle},
		    	eventLoc=#{eventLoc}, 
		    	eventMemo=#{eventMemo}, 
		    	eventStartdate=#{eventStartdate}, 
				eventEnddate=#{eventEnddate}, 
		    	eventStart=#{eventStart}, 
		    	eventEnd=#{eventEnd},
		    	eventFile=#{eventFile}
		WHERE 	eventId=#{eventId}
	</update>
	
	<insert id="tkEventInsert" parameterType="Event">
		INSERT INTO event(eventId, eventTitle, eventStartdate, eventEnddate, eventStart, eventEnd, eventCategory, eventMemo, eventLoc, eventFile, eventDelete)
		VALUES(#{eventId}, #{eventTitle)
	</insert>
</mapper>